Document-No_|Version-No_
PN23100001|1
PN23100002|1
PN23100013|1
PN23100014|1
PN23100018|1
PN23100019|1
PN23100020|2
PN23100023|1
PN23100033|1
PN23100035|1
PN23100036|1
PN23100042|1
PN23100043|1
PN23100045|1
PN23100046|1
PN23100047|1
PN23100056|1
PN23100057|1
PN23100058|1
PN23100059|1
PN23100060|1
PN23100881|2
PN23100997|2
PN23101121|2
PN23101122|2
PN23101151|1
PN23101158|1
PN23101175|2
PN23101178|1
PN23101180|1
PN23101204|1
PN23101258|1
PN23101319|2
PN23101320|2
PN23101321|2
PN23101322|2
PN23101355|2
PN23101383|2
PN23101474|2
PN23101479|2
PN23101524|2
PN23101525|2
PN23101526|2
PN23101532|2
PN23101542|2
PN23101544|1
PN23101552|2
PN23101554|2
PN23101587|2
PN23101589|2
PN23101590|2
PN23101592|2
PN23101789|2
PN23101797|2
PN23101827|3
PN23101949|1
PN23101952|1
PN23101953|1
PN23101963|1
PN23101964|1
PN23101966|1
PN23101967|1
PN23101976|2
PN23101979|2
PN23101980|2
PN23101981|2
PN23102015|2
PN23102094|2
PN23102208|2
PN23102209|2
PN23102247|2
PN23102248|2
PN23102249|2
PN23102250|2
PN23102307|2
PN23102334|2
PN23102338|2
PN23102544|2
PN23102556|2
PN23102604|2
PN23102605|2
PN23102606|3
PN23102731|1
PN23102732|1
PN23102756|2
PN23102757|2
PN23102758|2
PN23102759|2
PN23102796|2
PN23102823|1
PN23102852|2
PN23102853|2
PN23102916|1
PN23102917|2
PN23102960|2
PN23102975|2
PN23102976|2
PN23102977|2
PN23102989|2
PN23103011|1
PN23103031|2
PN23103053|2
PN23103054|2
PN23103065|2
PN23103066|2
PN23103242|2
PN23103277|2
PN23103282|2
PN23103296|3
PN23103385|2
PN23103410|1
PN23103411|1
PN23103412|1
PN23103416|1
PN23103417|1
PN23103418|1
PN23103449|2
PN23103450|2
PN23103451|2
PN23103452|2
PN23103487|2
PN23103538|2
PN23103620|2
PN23103626|2
PN23103634|2
PN23103643|2
PN23103644|2
PN23103645|2
PN23103646|2
PN23103659|1
PN23103660|1
PN23103662|1
PN23103665|1
PN23103718|2
PN23103740|2
PN23103742|2
PN23103913|2
PN23103920|2
PN23103929|2
PN23103930|2
PN23103962|3
PN23103969|1
PN23103972|1
PN23103973|1
PN23104103|1
PN23104125|2
PN23104127|1
PN23104129|2
PN23104130|2
PN23104134|2
PN23104157|2
PN23104174|2
PN23104207|1
PN23104208|1
PN23104279|2
PN23104284|2
PN23104314|2
PN23104315|2
PN23104328|2
PN23104329|2
PN23104330|2
PN23104331|2
PN23104352|1
PN23104353|1
PN23104377|2
PN23104392|2
PN23104394|2
PN23104398|1
PN23104402|2
PN23104590|2
PN23104595|2
PN23104606|2
PN23104637|3
PN23104645|1
PN23104646|1
PN23104790|2
PN23104791|2
PN23104792|2
PN23104793|2
PN23104820|2
PN23104822|2
PN23104868|2
PN23104915|2
PN23104916|2
PN23104917|2
PN23104918|2
PN23104967|2
PN23105001|2
PN23105022|2
PN23105023|2
PN23105024|2
PN23105025|2
PN23105043|1
PN23105044|1
PN23105045|1
PN23105046|1
PN23105047|1
PN23105082|2
PN23105105|2
PN23105127|2
PN23105143|1
PN23105336|2
PN23105341|2
PN23105347|2
PN23105349|2
PN23105387|3
PN23105486|2
PN23105543|2
PN23105546|2
PN23105547|2
PN23105548|2
PN23105590|2
PN23105592|2
PN23105614|2
PN23105615|2
PN23105725|2
PN23105727|1
PN23105728|1
PN23105757|2
PN23105758|2
PN23105759|2
PN23105760|2
PN23105797|2
PN23105808|2
PN23105816|2
PN23105834|2
PN23105839|2
PN23105856|2
PN23105995|2
PN23106029|2
PN23106063|2
PN23106064|2
PN23106080|3
PN23106108|2
PN23106110|2
PN23106163|2
PN23106225|2
PN23106226|2
PN23106227|2
PN23106228|2
PN23106259|2
PN23106260|2
PN23106276|2
PN23106449|2
PN23106450|2
PN23106489|2
PN23106490|2
PN23106491|2
PN23106492|2
PN23106500|1
PN23106504|1
PN23106505|1
PN23106506|1
PN23106507|1
PN23106508|1
PN23106509|1
PN23106555|2
PN23106559|2
PN23106560|2
PN23106574|2
PN23106575|2
PN23106726|2
PN23106751|2
PN23106761|2
PN23106762|2
PN23106782|1
PN23106788|3
PN23106922|2
PN23106925|1
PN23106927|1
PN23106953|2
PN23106975|2
PN23106976|2
PN23107061|2
PN23107114|1
PN23107115|1
PN23107118|1
PN23107131|2
PN23107132|2
PN23107133|2
PN23107135|1
PN23107139|2
PN23107140|1
PN23107142|1
PN23107143|1
PN23107176|2
PN23107186|2
PN23107193|1
PN23107194|1
PN23107212|2
PN23107381|2
PN23107397|2
PN23107410|2
PN23107411|2
PN23107451|3
PN23107617|2
PN23107633|2
PN23107634|2
PN23107635|2
PN23107656|2
PN23107657|2
PN23107686|2
PN23107687|2
PN23107771|2
PN23107776|2
PN23107816|2
PN23107817|2
PN23107819|2
PN23107829|2
PN23107831|2
PN23107855|2
PN23107889|2
PN23107901|2
PN23108105|2
PN23108113|2
PN23108117|2
PN23108125|2
PN23108126|2
PN23108159|3
PN23108188|1
PN23108196|1
PN23108198|1
PN23108199|1
PN23108347|2
PN23108351|2
PN23108352|2
PN23108353|2
PN23108377|2
PN23108378|2
PN23108401|2
PN23108517|2
PN23108572|2
PN23108573|2
PN23108574|2
PN23108575|2
PN23108634|2
PN23108635|2
PN23108648|2
PN23108662|2
PN23108706|2
PN23108707|2
PN23108812|2
PN23108813|2
PN23108822|2
PN23108832|2
PN23108840|2
PN23108848|2
PN23108888|3
PN23109008|1
PN23109057|2
PN23109063|2
PN23109064|2
PN23109065|2
PN23109099|2
PN23109101|2
PN23109130|2
PN23109131|2
PN23109191|1
PN23109232|2
PN23109248|2
PN23109280|2
PN23109281|2
PN23109282|2
PN23109283|2
PN23109299|1
PN23109332|2
PN23109334|2
PN23109369|2
PN23109381|2
PN23109564|2
PN23109574|2
PN23109575|2
PN23109580|1
PN23109603|6
PN23109617|1
PN23109620|1
PN23109623|1
PN23109624|1
PN23109734|1
PN23109787|2
PN23109788|2
PN23109789|2
PN23109790|2
PN23109824|2
PN23109841|2
PN23109845|2
PN23109924|2
PN23109926|2
PN23109938|2
PN23109963|1
PN23109964|2
PN23109965|2
PN23109966|2
PN23109967|2
PN23110004|2
PN23110005|2
PN23110026|2
PN23110027|2
PN23110028|2
PN23110057|1
PN23110169|2
PN23110170|2
PN23110182|2
PN23110184|2
PN23110191|2
PN23110203|2
PN23110204|2
PN23110210|2
PN23110213|2
PN23110214|2
PN23110245|3
PN23110364|2
PN23110406|2
PN23110407|2
PN23110408|2
PN23110409|2
PN23110447|2
PN23110482|2
PN23110503|2
PN23110536|2
PN23110537|2
PN23110611|2
PN23110612|2
PN23110613|2
PN23110620|2
PN23110621|2
PN23110630|1
PN23110637|2
PN23110638|2
PN23110642|2
PN23110848|2
PN23110849|2
PN23110878|2
PN23110903|2
PN23110913|2
PN23110923|2
PN23110936|2
PN23110937|2
PN23110939|2
PN23110956|2
PN23111000|2
PN23111001|2
PN23111015|1
PN23111103|2
PN23111145|2
PN23111159|2
PN23111160|2
PN23111161|2
PN23111162|2
PN23111221|2
PN23111244|2
PN23111269|2
PN23111307|1
PN23111461|2
PN23111472|2
PN23111473|2
PN23111474|2
PN23111477|2
PN23111519|3
PN23111723|1
PN23111828|2
PN23111832|2
PN23111833|2
PN23111834|2
PN23111835|2
PN23111838|2
PN23111896|1
PN23111976|2
PN23111986|2
PN23111993|2
PN23112016|1
PN23112032|2
PN23112033|2
PN23112034|2
PN23112035|2
PN23112061|2
PN23112065|2
PN23112098|2
PN23112118|2
PN23112120|2
PN23112121|2
PN23112124|2
PN23112286|2
PN23112322|2
PN23112327|2
PN23112328|2
PN23112345|1
PN23112346|1
PN23112352|4
PN23112469|1
PN23112480|2
PN23112491|1
PN23112508|2
PN23112515|2
PN23112519|2
PN23112520|2
PN23112521|2
PN23112566|2
PN23112567|2
PN23112587|2
PN23112592|2
PN23112635|1
PN23112657|1
PN23112700|2
PN23112701|2
PN23112713|2
PN23112720|2
PN23112724|1
PN23112733|1
PN23112746|1
PN23112749|1
PN23112750|1
PN23112752|1
PN23112753|1
PN23112771|2
PN23112772|2
PN23112773|2
PN23112774|2
PN23112830|2
PN23112834|2
PN23112852|1
PN23112855|1
PN23112858|2
PN23113045|2
PN23113047|2
PN23113049|2
PN23113051|2
PN23113067|2
PN23113069|1
PN23113146|2
PN23113154|2
PN23113155|2
PN23113156|2
PN23113199|2
PN23113200|2
PN23113209|2
PN23113210|2
PN23113276|1
PN23113277|1
PN23113278|1
PN23113361|2
PN23113410|2
PN23113413|1
PN23113436|2
PN23113464|2
PN23113465|2
PN23113466|2
PN23113467|2
PN23113533|2
PN23113541|2
PN23113542|2
PN23113556|2
PN23113605|2
PN23113606|2
PN23113607|3
PN23113617|2
PN23113653|2
PN23113913|2
PN23113914|2
PN23113915|2
PN23113916|2
PN23113926|1
PN23113958|2
PN23113964|2
PN23114091|2
PN23114118|2
PN23114119|2
PN23114161|2
PN23114162|2
PN23114163|2
PN23114164|2
PN23114170|2
PN23114222|2
PN23114236|2
PN23114237|2
PN23114253|3
PN23114259|2
PN23114261|2
PN23114262|2
PN23114263|2
PN23114264|1
PN23114457|2
PN23114471|2
PN23114477|2
PN23114514|2
PN23114515|2
PN23114516|3
PN23114534|2
PN23114535|1
PN23114695|1
PN23114696|1
PN23114719|2
PN23114726|2
PN23114727|2
PN23114729|2
PN23114740|2
PN23114741|2
PN23114751|2
PN23114766|1
PN23114767|1
PN23115113|2
PN23115119|2
PN23115120|2
PN23115404|1
PN23115424|2
PN23115425|2
PN23115426|2
PN23115427|2
PN23115508|3
PN23115517|2
PN23115541|2
PN23115596|2
PN23115607|2
PN23115643|2
PN23115646|2
PN23116078|2
PN23116090|2
PN23116114|2
PN23116144|3
PN23116165|2
PN23116229|2
PN23116250|1
PN23116251|1
PN23116253|1
PN23116256|1
PN23116257|1
PN23116258|1
PN23116284|2
PN23116289|1
PN23116322|2
PN23116323|2
PN23116324|2
PN23116325|2
PN23116368|2
PN23116396|2
PN23116495|2
PN23116531|2
PN23116532|2
PN23116567|2
PN23116568|2
PN23116569|2
PN23116570|2
PN23116575|1
PN23116582|1
PN23116634|2
PN23116648|2
PN23116653|2
PN23116654|2
PN23116669|1
PN23116806|2
PN23116807|2
PN23116813|2
PN23116865|3
PN23116891|1
PN23116953|1
PN23116987|2
PN23116988|2
PN23116989|2
PN23116990|2
PN23117001|1
PN23117002|1
PN23117005|1
PN23117033|1
PN23117037|1
PN23117056|2
PN23117070|1
PN23117072|2
PN23117099|2
PN23117101|2
PN23117113|2
PN23117128|2
PN23117129|2
PN23117130|2
PN23117132|2
PN23117133|2
PN23117165|1
PN23117219|2
PN23117244|2
PN23117258|1
PN23117263|2
PN23117264|2
PN23117265|2
PN23117266|2
PN23117269|1
PN23117270|1
PN23117271|1
PN23117292|2
PN23117319|2
PN23117330|2
PN23117355|2
PN23117356|2
PN23117358|2
PN23117359|2
PN23117360|2
PN23117361|2
PN23117362|2
PN23117371|1
PN23117373|2
PN23117536|1
PN23117537|1
PN23117597|2
PN23117598|2
PN23117599|2
PN23117630|2
PN23117632|2
PN23117735|2
PN23117743|2
PN23117745|2
PN23117747|2
PN23117773|1
PN23117790|2
PN23117815|2
PN23117820|2
PN23117821|2
PN23117886|2
PN23117887|2
PN23117888|2
PN23117913|2
PN23117929|1
PN23117930|2
PN23117932|2
PN23117938|2
PN23117950|2
PN23118014|2
PN23118032|2
PN23118034|2
PN23118036|2
PN23118038|2
PN23118039|2
PN23118056|2
PN23118057|2
PN23118208|2
PN23118217|2
PN23118234|2
PN23118235|2
PN23118250|1
PN23118251|1
PN23118253|2
PN23118294|2
PN23118400|1
PN23118408|1
PN23118444|1
PN23118448|1
PN23118462|2
PN23118481|2
PN23118482|2
PN23118483|2
PN23118522|2
PN23118544|2
PN23118622|2
PN23118646|2
PN23118678|2
PN23118679|2
PN23118680|2
PN23118681|2
PN23118724|2
PN23118762|2
PN23118775|2
PN23118800|2
PN23118801|2
PN23118822|2
PN23118840|2
PN23118965|2
PN23118969|2
PN23119006|3
PN23119008|2
PN23119009|2
PN23119010|2
PN23119025|1
PN23119026|1
PN23119116|2
PN23119154|1
PN23119155|1
PN23119175|2
PN23119183|2
PN23119190|2
PN23119196|2
PN23119228|2
PN23119245|2
PN23119246|2
PN23119261|1
PN23119288|2
PN23119290|2
PN23119291|2
PN23119325|2
PN23119328|2
PN23119368|2
PN23119369|2
PN23119370|2
PN23119371|2
PN23119409|1
PN23119410|1
PN23119420|2
PN23119421|2
PN23119427|2
PN23119453|2
PN23119573|2
PN23119575|2
PN23119578|2
PN23119599|2
PN23119642|3
PN23119669|2
PN23119704|2
PN23119726|1
PN23119781|2
PN23119853|2
PN23119854|2
PN23119855|2
PN23119856|2
PN23119857|2
PN23119861|1
PN23119882|2
PN23119883|2
PN23119884|2
PN23119932|2
PN23119963|2
PN23120027|2
PN23120028|2
PN23120029|2
PN23120030|2
PN23120086|2
PN23120127|2
PN23120147|2
PN23120148|2
PN23120151|2
PN23120152|2
PN23120177|2
PN23120180|2
PN23120246|2
PN23120264|2
PN23120278|2
PN23120280|2
PN23120281|2
PN23120283|2
PN23120312|1
PN23120314|1
PN23120316|2
PN23120416|2
PN23120434|2
PN23120435|2
PN23120436|2
PN23120447|2
PN23120448|2
PN23120449|2
PN23120450|2
PN23120477|2
PN23120531|1
PN23120576|1
PN23120578|2
PN23120579|2
PN23120580|2
PN23120581|2
PN23120691|2
PN23120695|2
PN23120717|1
PN23120724|2
PN23120725|2
PN23120736|2
PN23120737|2
PN23120738|2
PN23120739|2
PN23120876|2
PN23120881|2
PN23120882|2
PN23120923|3
PN23120937|1
PN23120939|1
PN23121081|2
PN23121096|2
PN23121097|2
PN23121098|2
PN23121132|2
PN23121134|2
PN23121146|2
PN23121153|2
PN23121157|2
PN23121158|2
PN23121164|1
PN23121177|2
PN23121193|2
PN23121223|1
PN23121244|2
PN23121259|2
PN23121281|2
PN23121282|2
PN23121283|2
PN23121284|2
PN23121308|2
PN23121338|2
PN23121346|1
PN23121351|1
PN23121354|2
PN23121355|2
PN23121358|2
PN23121370|2
PN23121372|2
PN23121375|2
PN23121376|2
PN23121395|2
PN23121397|2
PN23121402|1
PN23121403|1
PN23121521|2
PN23121522|2
PN23121528|2
PN23121529|2
PN23121532|2
PN23121577|3
PN23121600|2
PN23121718|2
PN23121720|2
PN23121721|2
PN23121729|2
PN23121759|2
PN23121761|2
PN23121768|2
PN23121776|2
PN23121777|2
PN23121778|2
PN23121779|2
PN23121781|2
PN23121950|2
PN23121951|2
PN23121985|1
PN23121991|2
PN23121992|2
PN23121993|2
PN23121994|2
PN23122054|2
PN23122072|2
PN23122073|2
PN23122077|2
PN23122078|2
PN23122108|1
PN23122254|2
PN23122255|2
PN23122263|2
PN23122265|2
PN23122284|4
PN23122424|1
PN23122475|2
PN23122478|2
PN23122479|2
PN23122486|2
PN23122521|2
PN23122536|2
PN23122657|2
PN23122658|2
PN23122679|2
PN23122680|2
PN23122681|2
PN23122682|2
PN23122742|2
PN23122783|2
PN23122784|2
PN23122786|2
PN23122808|1
PN23122933|2
PN23122934|2
PN23122935|2
PN23122937|2
PN23122940|2
PN23122976|3
PN23122989|1
PN23123101|1
PN23123133|2
PN23123141|2
PN23123142|2
PN23123143|2
PN23123189|2
PN23123200|2
PN23123315|1
PN23123329|2
PN23123349|2
PN23123368|2
PN23123369|2
PN23123370|2
PN23123371|2
PN23123406|1
PN23123437|2
PN23123441|1
PN23123449|1
PN23123455|1
PN23123456|1
PN23123457|2
PN23123469|1
PN23300002|1
PN23300014|1
PN23300015|1
PN23300018|1
PN23300021|1
PN23300027|1
PN23300028|1
PN23300034|1
PN23300036|1
PN23300039|1
PN23300040|1
PN23300042|1
PN23300062|1
PN23300063|1
PN23300077|1
PN23300080|1
PN23300083|1
PN23300089|1
PN23300093|1
PN23300094|1
PN23300101|1
PN23300133|1
PN23300138|1
PN23300139|1
PN23300141|1
PN23300143|1
PN23300152|1
PN23300181|1
PN23300182|1
PN23300184|1
PN23300187|1
PN23300203|1
PN23300207|1
PN23300210|1
PN23300219|1
PN23300251|1
PN23300254|1
PN23300255|1
PN23300266|1
PN23300287|1
PN23300288|1
PN23300291|1
PN23300294|1
PN23300304|1
PN23300306|1
PN23300311|1
PN23300349|1
PN23300350|1
PN23300361|1
PN23300366|1
PN23300378|1
PN23300380|1
PN23300382|1
PN23300391|1
PN23300394|1
PN23300399|1
PN23300404|1
PN23300430|1
PN23300432|1
PN23300433|1
PN23300436|1
PN23300440|1
PN23300449|1
PN23300470|1
PN23300471|1
PN23300476|1
PN23300486|1
PN23300489|1
PN23300503|1
PN23300541|1
PN23300543|1
PN23300544|1
PN23300545|1
PN23300546|1
PN23300566|1
PN23300575|1
PN23300597|1
PN23300600|1
PN23300601|1
PN23300605|1
PN23300614|1
PN23300616|1
PN23300622|1
PN23300626|1
PN23300654|2
PN23300656|2
PN23300659|2
PN23300664|2
PN23300665|2
PN23300666|2
PN23300676|1
PN23300699|1
PN23300701|1
PN23300702|1
PN23300704|1
PN23300715|1
PN23300716|1
PN23300718|1
PN23300726|1
PN23300767|1
PN23300768|1
PN23300773|1
PN23300774|1
PN23300775|1
PN23300792|1
PN23300813|1
PN23300814|1
PN23300817|1
PN23300820|1
PN23300831|1
PN23300833|1
PN23300834|1
PN23300839|1
PN23300847|1
PN23300879|1
PN23300880|1
PN23300881|1
PN23300885|1
PN23300888|1
PN23300890|1
PN23300891|1
PN23300894|1
PN23300909|1
PN23300911|1
PN23300912|1
PN23300913|1
PN23300915|1
PN23300932|1
PN23300933|1
PN23300934|1
PN23300937|1
PN23300938|1
PN23300939|1
PN23300948|1
PN23300953|1
PN23300959|1
PN23300997|1
PN23301007|1
PN23301008|1
PN23301009|1
PN23301014|1
PN23301015|1
PN23301022|1
PN23301025|1
PN23301026|1
PN23301027|1
PN23301039|1
PN23301040|1
PN23301041|1
PN23301042|1
PN23301043|1
PN23301044|1
PN23301047|1
PN23301062|1
PN23301064|1
PN23301065|1
PN23301068|1
PN23301073|1
PN23301099|1
PN23301100|1
PN23301102|1
PN23301103|1
PN23301104|1
PN23301119|1
PN23301130|1
PN23301146|1
PN23301147|1
PN23301148|1
PN23301149|1
PN23301150|1
PN23301154|1
PN23301165|1
PN23301166|1
PN23301167|1
PN23301169|1
PN23301172|1
PN23301179|1
PN23301220|1
PN23301222|1
PN23301223|1
PN23301224|1
PN23301225|1
PN23301228|1
PN23301239|1
PN23301243|1
PN23301246|1
PN23301247|1
PN23301248|1
PN23301249|1
PN23301251|1
PN23301274|1
PN23301275|1
PN23301276|1
PN23301277|1
PN23301286|1
PN23301298|1
PN23301300|1
PN23301301|1
PN23301312|1
PN23301343|1
PN23301355|1
PN23301356|1
PN23301357|1
PN23301358|1
PN23301370|1
PN23301373|1
PN23301375|1
PN23301378|1
PN23301379|1
PN23301390|1
PN23301391|1
PN23301392|1
PN23301405|1
PN23301408|1
PN23301430|1
PN23301432|1
PN23301443|1
PN23301448|1
PN23301457|1
PN23301460|1
PN23301461|1
PN23301462|1
PN23301463|1
PN23301467|1
PN23301475|1
PN23301481|1
PN23301489|1
PN23301515|1
PN23301516|1
PN23301517|1
PN23301519|1
PN23301528|1
PN23301529|1
PN23301530|1
PN23301531|1
PN23301532|1
PN23301539|1
PN23301550|1
PN23301554|1
PN23301555|1
PN23301556|1
PN23301557|1
PN23301572|1
PN23301573|1
PN23301574|1
PN23301575|1
PN23301576|1
PN23301581|1
PN23301600|1
PN23301602|1
PN23301603|1
PN23301605|1
PN23301615|1
PN23301616|1
PN23301649|2
PN23301652|2
PN23301653|2
PN23301654|2
PN23301655|2
PN23301657|2
PN23301667|2
PN23301668|2
PN23301669|2
PN23301680|1
PN23301683|1
PN23301703|1
PN23301704|1
PN23301705|1
PN23301706|1
PN23301707|1
PN23301712|1
PN23301713|1
PN23301727|1
PN23301732|1
PN23301733|1
PN23301736|1
PN23301738|1
PN23301742|1
PN23301775|1
PN23301776|1
PN23301777|1
PN23301778|1
PN23301779|1
PN23301780|1
PN23301781|1
PN23301790|1
PN23301798|1
PN23301806|1
PN23301807|1
PN23301808|1
PN23301809|1
PN23301810|1
PN23301813|1
PN23301824|1
PN23301825|1
PN23301831|1
PN23301840|1
PN23301843|1
PN23301844|1
PN23301875|1
PN23301876|1
PN23301878|1
PN23301879|1
PN23301895|1
PN23301913|1
PN23301919|1
PN23301921|1
PN23301926|1
PN23301927|1
PN23301928|1
PN23301929|1
PN23301930|1
PN23301934|1
PN23301941|1
PN23301944|1
PN23301945|1
PN23301946|1
PN23301956|1
PN23301986|1
PN23301987|1
PN23301988|1
PN23301989|1
PN23301991|1
PN23301992|1
PN23301993|1
PN23301994|1
PN23301995|1
PN23302014|1
PN23302017|1
PN23302020|1
PN23302035|1
PN23302036|1
PN23302037|1
PN23302038|1
PN23302041|1
PN23302054|1
PN23302057|1
PN23302058|1
PN23302062|1
PN23302069|1
PN23302112|1
PN23302118|1
PN23302119|1
PN23302120|1
PN23302121|1
PN23302122|1
PN23302128|1
PN23302137|1
PN23302139|1
PN23302141|1
PN23302170|1
PN23302171|1
PN23302172|1
PN23302175|1
PN23302181|1
PN23302187|1
PN23302189|1
PN23302206|1
PN23302238|1
PN23302239|1
PN23302240|1
PN23302247|1
PN23302254|1
PN23302255|1
PN23302256|1
PN23302257|1
PN23302258|1
PN23302264|1
PN23302273|1
PN23302291|1
PN23302293|1
PN23302294|1
PN23302295|1
PN23302296|1
PN23302301|1
PN23302302|1
PN23302303|1
PN23302315|1
PN23302319|1
PN23302320|1
PN23302322|1
PN23302325|1
PN23302330|1
PN23302353|1
PN23302362|1
PN23302367|1
PN23302368|1
PN23302369|1
PN23302370|1
PN23302371|1
PN23302378|1
PN23302381|1
PN23302385|1
PN23302395|1
PN23302401|1
PN23302403|1
PN23302404|1
PN23302405|1
PN23302406|1
PN23302417|1
PN23302423|1
PN23302425|1
PN23302426|1
PN23302427|1
PN23302438|1
PN23302461|1
PN23302465|1
PN23302469|1
PN23302470|1
PN23302471|1
PN23302472|1
PN23302473|1
PN23302478|1
PN23302479|1
PN23302485|1
PN23302494|1
PN23302516|1
PN23302518|1
PN23302519|1
PN23302520|1
PN23302521|1
PN23302523|1
PN23302532|1
PN23302537|1
PN23302538|1
PN23302540|1
PN23302544|1
PN23302568|1
PN23302570|1
PN23302571|1
PN23302572|1
PN23302576|1
PN23302577|1
PN23302579|1
PN23302580|1
PN23302581|1
PN23302582|1
PN23302583|1
PN23302586|1
PN23302597|1
PN23302608|1
PN23302626|1
PN23302627|1
PN23302628|1
PN23302629|1
PN23302630|1
PN23302635|1
PN23302646|1
PN23302649|1
PN23302650|1
PN23302651|1
PN23302652|1
PN23302654|1
PN23302655|1
PN23302656|1
PN23302660|1
PN23302663|1
PN23302670|1
PN23302712|1
PN23302716|1
PN23302717|1
PN23302718|1
PN23302719|1
PN23302720|1
PN23302721|1
PN23302736|1
PN23302737|1
PN23302738|1
PN23302739|1
PN23302740|1
PN23302741|1
PN23302742|1
PN23302753|1
PN23302754|1
PN23302755|1
PN23302756|1
PN23302762|1
PN23302768|1
PN23302782|1
PN23302783|1
PN23302784|1
PN23302799|1
PN23302803|1
PN23302804|1
PN23302805|1
PN23302844|1
PN23302849|1
PN23302850|1
PN23302851|1
PN23302852|1
PN23302855|1
PN23302856|1
PN23302857|1
PN23302869|1
PN23302870|1
PN23302891|1
PN23302892|1
PN23302893|1
PN23302896|1
PN23302908|1
PN23302909|1
PN23302912|1
PN23302914|1
PN23302915|1
PN23302916|1
PN23302918|1
PN23302937|1
PN23302955|1
PN23302959|1
PN23302960|1
PN23302961|1
PN23302962|1
PN23302966|1
PN23302967|1
PN23302977|1
PN23302979|1
PN23302981|1
PN23302994|1
PN23303025|1
PN23303030|1
PN23303031|1
PN23303032|1
PN23303033|1
PN23303039|1
PN23303040|1
PN23303049|1
PN23303052|1
PN23303073|1
PN23303074|1
PN23303075|1
PN23303076|1
PN23303080|1
PN23303090|1
PN23303099|1
PN23303100|1
PN23303104|1
PN23303108|1
PN23303109|1
PN23303116|1
PN23303141|1
PN23303146|1
PN23303147|1
PN23303148|1
PN23303149|1
PN23303159|1
PN23303166|1
PN23303183|1
PN23303184|1
PN23303185|1
PN23303186|1
PN23303187|1
PN23303197|1
PN23303209|1
PN23303211|1
PN23303220|1
PN23303221|1
PN23303249|1
PN23303250|1
PN23303251|1
PN23303256|1
PN23303261|1
PN23303262|1
PN23303263|1
PN23303264|1
PN23303265|1
PN23303266|1
PN23303273|1
PN23303297|1
PN23303298|1
PN23303299|1
PN23303300|1
PN23303303|1
PN23303312|1
PN23303321|1
PN23303324|1
PN23303338|1
PN23303367|1
PN23303368|1
PN23303369|1
PN23303375|1
PN23303377|1
PN23303379|1
PN23303380|1
PN23303381|1
PN23303391|1
